City_ID,City,Country,Date,Lat,Lng,Max Temp,Humidity,Cloudiness,Wind Speed
0,Parainen,FI,2022-07-23 04:54:42,60.3067,22.301,68.45,91,71,8.43
1,Castro,BR,2022-07-23 04:54:42,-24.7911,-50.0119,55.83,68,32,2.39
2,Avarua,CK,2022-07-23 04:54:42,-21.2078,-159.775,75.25,69,20,9.22
3,Rikitea,PF,2022-07-23 04:50:32,-23.1203,-134.9692,72.93,69,10,9.51
4,George,ZA,2022-07-23 04:54:43,-33.963,22.4617,51.35,93,75,11.5
5,Kangaba,ML,2022-07-23 04:54:45,11.9333,-8.4167,71.89,92,97,2.13
6,Kurchum,KZ,2022-07-23 04:54:45,48.5722,83.6542,80.15,27,67,12.21
7,Maraba,BR,2022-07-23 04:51:09,-5.3686,-49.1178,71.78,100,0,0.0
8,Bilma,NE,2022-07-23 04:54:46,18.6853,12.9164,88.05,36,48,5.79
9,Canberra,AU,2022-07-23 04:54:46,-35.2835,149.1281,58.68,64,40,10.36
10,Tasiilaq,GL,2022-07-23 04:54:47,65.6145,-37.6368,34.25,82,61,8.23
11,Khatanga,RU,2022-07-23 04:54:47,71.9667,102.5,43.5,86,100,11.65
12,Serenje,ZM,2022-07-23 04:54:48,-13.2325,30.2352,51.17,86,1,4.72
13,Sisimiut,GL,2022-07-23 04:54:48,66.9395,-53.6735,46.89,84,100,4.54
14,Georgetown,MY,2022-07-23 04:54:48,5.4112,100.3354,85.98,78,40,5.75
15,Hobart,AU,2022-07-23 04:54:49,-42.8794,147.3294,59.25,64,75,8.05
16,Morristown,US,2022-07-23 04:54:49,36.214,-83.2949,77.05,77,75,0.0
17,Monrovia,LR,2022-07-23 04:54:50,6.3005,-10.7969,75.74,79,99,7.76
18,Arraial Do Cabo,BR,2022-07-23 04:54:50,-22.9661,-42.0278,70.3,91,5,19.55
19,Saskylakh,RU,2022-07-23 04:54:50,71.9167,114.0833,58.33,54,99,6.78
20,Andenes,NO,2022-07-23 04:54:51,69.3143,16.1194,50.94,100,75,18.41
21,Bereda,ES,2022-07-23 04:54:51,43.2686,-7.5406,57.15,100,32,4.63
22,Barrow,US,2022-07-23 04:54:52,71.2906,-156.7887,37.42,93,100,13.8
23,Ushuaia,AR,2022-07-23 04:50:27,-54.8,-68.3,35.26,80,40,19.57
24,Barrhead,GB,2022-07-23 04:54:52,55.7992,-4.3929,58.84,90,100,4.61
25,Del Rio,US,2022-07-23 04:54:53,29.3627,-100.8968,93.6,31,20,20.71
26,Ilhabela,BR,2022-07-23 04:54:53,-23.7781,-45.3581,65.75,71,21,3.62
27,Kawalu,ID,2022-07-23 04:54:53,-7.3817,108.2082,76.57,85,99,3.44
28,Albany,US,2022-07-23 04:50:38,42.6001,-73.9662,71.58,89,42,3.56
29,New Norfolk,AU,2022-07-23 04:54:54,-42.7826,147.0587,58.91,72,100,1.99
30,East London,ZA,2022-07-23 04:54:54,-33.0153,27.9116,59.94,67,0,9.22
31,Pahrump,US,2022-07-23 04:54:55,36.2083,-115.9839,96.26,14,79,4.0
32,Souillac,MU,2022-07-23 04:54:55,-20.5167,57.5167,70.18,83,75,16.11
33,Punta Arenas,CL,2022-07-23 04:54:56,-53.15,-70.9167,32.11,80,0,11.5
34,South Venice,US,2022-07-23 04:54:56,27.0531,-82.4243,77.99,96,0,6.91
35,Bredasdorp,ZA,2022-07-23 04:54:56,-34.5322,20.0403,51.71,86,88,7.65
36,Fort Nelson,CA,2022-07-23 04:54:57,58.8053,-122.7002,69.39,49,20,3.44
37,Hermanus,ZA,2022-07-23 04:54:13,-34.4187,19.2345,52.81,77,76,13.2
38,Grand-Santi,GF,2022-07-23 04:54:57,4.25,-54.3833,71.53,100,100,2.26
39,Mattru,SL,2022-07-23 04:54:58,7.6244,-11.8332,72.37,96,100,2.37
40,Yuncheng,CN,2022-07-23 04:54:58,35.0231,110.9928,83.8,47,1,2.98
41,Butaritari,KI,2022-07-23 04:54:59,3.0707,172.7902,81.72,77,52,10.69
42,Alta Floresta,BR,2022-07-23 04:51:11,-9.8756,-56.0861,71.38,46,66,2.86
43,Miles City,US,2022-07-23 04:51:46,46.4083,-105.8406,81.57,22,0,10.36
44,Qianguo,CN,2022-07-23 04:54:59,45.1171,124.8568,83.88,49,62,7.56
45,Gao,ML,2022-07-23 04:55:00,16.6362,1.637,89.44,39,48,15.97
46,Hilo,US,2022-07-23 04:52:20,19.7297,-155.09,78.53,82,20,4.61
47,Bethel,US,2022-07-23 04:55:00,41.3712,-73.414,74.71,92,14,1.88
48,Longyearbyen,SJ,2022-07-23 04:56:01,78.2186,15.6401,48.04,81,75,4.61
49,Isla Vista,US,2022-07-23 04:56:02,34.4133,-119.861,74.91,73,3,4.03
50,Port Lincoln,AU,2022-07-23 04:56:02,-34.7333,135.8667,61.43,65,9,1.59
51,Iquique,CL,2022-07-23 04:56:02,-20.2208,-70.1431,59.04,82,64,3.4
52,Teterow,DE,2022-07-23 04:56:03,53.7833,12.5667,57.36,77,93,8.12
53,Nikolskoye,RU,2022-07-23 04:56:03,59.7035,30.7861,73.87,61,26,7.81
54,Coquimbo,CL,2022-07-23 04:56:04,-29.9533,-71.3436,53.33,87,100,2.3
55,Tiksi,RU,2022-07-23 04:56:04,71.6872,128.8694,47.07,78,93,7.29
56,Lebu,CL,2022-07-23 04:56:04,-37.6167,-73.65,52.99,95,100,13.87
57,Shakiso,ET,2022-07-23 04:56:05,5.75,38.9167,58.75,85,100,3.94
58,Joshimath,IN,2022-07-23 04:56:05,30.5667,79.5667,76.95,80,100,4.59
59,Sinnamary,GF,2022-07-23 04:56:06,5.3833,-52.95,76.32,88,38,6.11
60,Kruisfontein,ZA,2022-07-23 04:56:06,-34.0033,24.7314,50.88,73,100,12.01
61,Provideniya,RU,2022-07-23 04:56:07,64.3833,-173.3,48.43,71,97,4.61
62,Palu,ID,2022-07-23 04:56:07,-0.8917,119.8707,85.17,78,71,2.71
63,Jamestown,US,2022-07-23 04:56:08,42.097,-79.2353,72.72,87,1,1.01
64,Dunedin,NZ,2022-07-23 04:56:08,-45.8742,170.5036,46.8,75,13,7.0
65,Moerai,PF,2022-07-23 04:56:08,-22.4333,-151.3333,74.23,75,36,21.03
66,Kasongo-Lunda,CD,2022-07-23 04:56:09,-6.4667,16.8167,69.1,81,92,1.99
67,Kysyl-Syr,RU,2022-07-23 04:56:09,63.8986,122.7617,78.84,50,67,1.7
68,Port Elizabeth,ZA,2022-07-23 04:56:10,-33.918,25.5701,58.32,81,0,10.36
69,Tura,IN,2022-07-23 04:56:10,25.5198,90.2201,83.59,75,100,0.94
70,Pevek,RU,2022-07-23 04:56:10,69.7008,170.3133,34.11,92,73,5.66
71,Araouane,ML,2022-07-23 04:56:11,18.9048,-3.5265,90.43,36,57,10.07
72,Sainte-Suzanne,RE,2022-07-23 04:56:11,-20.9061,55.6089,71.82,79,100,17.27
73,Port Alfred,ZA,2022-07-23 04:56:12,-33.5906,26.891,59.56,79,100,11.43
74,Gat,IL,2022-07-23 04:56:12,31.61,34.7642,77.68,100,1,1.25
75,Gravdal,NO,2022-07-23 04:56:12,68.1214,13.5031,52.47,89,100,12.73
76,Soyo,AO,2022-07-23 04:56:13,-6.1349,12.3689,67.23,92,66,5.17
77,Qaanaaq,GL,2022-07-23 04:56:13,77.484,-69.3632,37.0,99,100,11.45
78,Chiang Khong,TH,2022-07-23 04:56:14,20.2613,100.4046,80.04,89,81,3.22
79,Tuktoyaktuk,CA,2022-07-23 04:56:14,69.4541,-133.0374,66.2,68,75,5.75
80,Kodinsk,RU,2022-07-23 04:56:15,58.6881,99.1844,71.35,63,100,5.53
81,Passage West,IE,2022-07-23 04:56:15,51.8739,-8.3444,62.53,97,75,14.0
82,Canton,CN,2022-07-23 04:52:29,23.1167,113.25,98.55,34,0,4.45
83,Dikson,RU,2022-07-23 04:56:16,73.5069,80.5464,52.39,74,97,10.33
84,Kapaa,US,2022-07-23 04:56:16,22.0752,-159.319,82.38,76,7,1.99
85,Bluff,NZ,2022-07-23 04:56:17,-46.6,168.3333,45.81,73,2,4.59
86,Mahebourg,MU,2022-07-23 04:56:17,-20.4081,57.7,73.26,83,75,16.11
87,Cabo San Lucas,MX,2022-07-23 04:56:17,22.8909,-109.9124,86.5,72,78,7.61
88,Nanortalik,GL,2022-07-23 04:56:18,60.1432,-45.2371,45.43,84,36,2.08
89,Kolokani,ML,2022-07-23 04:56:18,13.5728,-8.0339,75.72,81,53,5.79
90,Hoquiam,US,2022-07-23 04:56:19,46.9809,-123.8893,59.45,85,6,9.64
91,Mataura,NZ,2022-07-23 04:56:19,-46.1927,168.8643,45.48,86,4,2.71
92,Vaini,TO,2022-07-23 04:56:19,-21.2,-175.2,71.76,88,75,12.66
93,Cape Town,ZA,2022-07-23 04:56:20,-33.9258,18.4232,54.12,90,75,4.0
94,Narsaq,GL,2022-07-23 04:57:20,60.9167,-46.05,46.36,77,47,1.01
95,San Carlos Del Zulia,VE,2022-07-23 04:57:21,9.0,-71.9135,75.25,92,70,4.25
96,Donceel,BE,2022-07-23 04:57:21,50.6483,5.32,59.07,94,69,1.14
97,Hasaki,JP,2022-07-23 04:57:21,35.7333,140.8333,90.0,74,0,16.89
98,Namibe,AO,2022-07-23 04:57:22,-15.1961,12.1522,60.66,91,0,4.14
99,Guerrero Negro,MX,2022-07-23 04:56:03,27.9769,-114.0611,67.12,87,22,15.05
100,Naze,JP,2022-07-23 04:57:23,28.3667,129.4833,86.92,61,80,2.06
101,Merauke,ID,2022-07-23 04:57:23,-8.4667,140.3333,79.25,83,99,15.32
102,Klyuchi,RU,2022-07-23 04:57:23,52.2667,79.1667,71.2,45,94,3.58
103,Stara Zagora,BG,2022-07-23 04:57:24,42.4328,25.6419,82.13,34,0,3.6
104,Bambous Virieux,MU,2022-07-23 04:57:24,-20.3428,57.7575,73.22,83,75,16.11
105,Lorengau,PG,2022-07-23 04:57:25,-2.0226,147.2712,85.53,68,24,9.64
106,Maldonado,UY,2022-07-23 04:57:26,-34.6667,-54.9167,52.99,98,14,5.5
107,Sitka,US,2022-07-23 04:53:08,57.0531,-135.33,53.49,87,100,8.05
108,Eureka,US,2022-07-23 04:57:26,40.8021,-124.1637,59.2,83,29,1.25
109,Vangaindrano,MG,2022-07-23 04:57:27,-23.35,47.6,66.07,85,54,1.34
110,Hithadhoo,MV,2022-07-23 04:57:27,-0.6,73.0833,82.24,72,100,5.19
111,Nsukka,NG,2022-07-23 04:57:28,6.8561,7.3927,68.34,98,99,3.6
112,Puerto Ayora,EC,2022-07-23 04:57:28,-0.7393,-90.3518,69.55,91,26,3.0
113,Katherine,AU,2022-07-23 04:57:28,-14.4667,132.2667,82.72,8,32,12.66
114,Nagorsk,RU,2022-07-23 04:57:29,59.3172,50.8078,70.52,56,40,3.56
115,Atambua,ID,2022-07-23 04:57:29,-9.1061,124.8925,80.6,44,18,1.39
116,Beringovskiy,RU,2022-07-23 04:57:30,63.05,179.3167,45.63,85,100,7.92
117,Sioux Lookout,CA,2022-07-23 04:53:19,50.1001,-91.917,57.27,94,0,3.44
118,Listvyagi,RU,2022-07-23 04:57:30,53.6772,86.951,64.33,77,76,6.26
119,Egvekinot,RU,2022-07-23 04:57:31,66.3167,-179.1667,40.19,72,97,12.48
120,Busselton,AU,2022-07-23 04:55:20,-33.65,115.3333,56.07,89,99,17.81
121,Santa Rosa,PH,2022-07-23 04:57:31,14.3122,121.1114,91.38,75,83,6.98
122,Saint-Georges,GD,2022-07-23 04:57:32,12.0564,-61.7485,78.48,83,20,2.3
123,Comodoro Rivadavia,AR,2022-07-23 04:57:32,-45.8667,-67.5,26.46,63,0,5.75
124,Acapulco,MX,2022-07-23 04:57:33,16.8634,-99.8901,84.02,65,100,8.05
125,Atuona,PF,2022-07-23 04:57:33,-9.8,-139.0333,77.59,77,14,16.11
126,Radviliskis,LT,2022-07-23 04:57:33,55.8167,23.5333,66.25,94,75,4.61
127,Hickory,US,2022-07-23 04:54:06,35.7332,-81.3412,77.65,92,87,4.29
128,Houlton,US,2022-07-23 04:57:34,46.1262,-67.8403,63.72,75,7,4.23
129,Honiara,SB,2022-07-23 04:52:56,-9.4333,159.95,82.36,74,40,0.85
130,Chokurdakh,RU,2022-07-23 04:57:35,70.6333,147.9167,64.62,36,34,13.11
131,Tecoanapa,MX,2022-07-23 04:57:35,16.5167,-98.75,79.65,83,61,1.81
132,Kristinehamn,SE,2022-07-23 04:57:35,59.3098,14.1081,54.16,87,93,7.25
133,Bantogon,PH,2022-07-23 04:57:36,6.5333,124.0333,82.51,74,30,3.94
134,Lata,PT,2022-07-23 04:57:36,40.1629,-8.3327,61.07,87,0,1.92
135,Itupiranga,BR,2022-07-23 04:57:37,-5.1347,-49.3267,71.92,58,2,2.26
136,Bathsheba,BB,2022-07-23 04:57:37,13.2167,-59.5167,79.41,91,75,6.91
137,Aswan,EG,2022-07-23 04:57:37,24.0934,32.907,83.5,28,0,6.91
138,Grand Gaube,MU,2022-07-23 04:58:38,-20.0064,57.6608,73.38,67,1,5.01
139,Torbay,CA,2022-07-23 04:58:38,47.6666,-52.7314,66.97,89,40,12.66
140,Uttaradit,TH,2022-07-23 04:58:39,17.6667,100.5,72.93,97,100,1.72
141,San Pedro De Uraba,CO,2022-07-23 04:58:39,8.2752,-76.3764,72.63,96,100,3.71
142,Fort Smith,US,2022-07-23 04:55:41,35.3859,-94.3986,82.04,74,12,1.99
143,Rauma,FI,2022-07-23 04:58:40,61.1272,21.5113,64.44,91,94,6.62
144,Ancud,CL,2022-07-23 04:58:41,-41.8697,-73.8203,45.23,93,99,14.34
145,Ribeira Grande,PT,2022-07-23 04:58:41,38.5167,-28.7,72.84,89,55,6.44
146,Bengkulu,ID,2022-07-23 04:58:42,-3.8004,102.2655,86.07,63,22,8.01
147,Sungaipenuh,ID,2022-07-23 04:58:42,-2.0833,101.3833,80.62,58,67,1.07
148,Fare,PF,2022-07-23 04:58:43,-16.7,-151.0167,78.49,75,7,11.1
149,Saint-Philippe,RE,2022-07-23 04:58:43,-21.3585,55.7679,71.19,85,51,15.57
150,Nauta,PE,2022-07-23 04:58:45,-4.5061,-73.5757,71.51,91,56,2.66
151,Nikki,BJ,2022-07-23 04:58:45,9.9401,3.2108,69.75,98,100,5.61
152,Chara,RU,2022-07-23 04:58:46,56.9064,118.2631,81.77,52,64,1.41
153,Laguna,US,2022-07-23 04:58:46,38.421,-121.4238,81.32,32,0,6.91
154,Likasi,CD,2022-07-23 04:55:10,-10.9814,26.7333,53.85,70,6,3.67
155,Lerwick,GB,2022-07-23 04:58:47,60.1545,-1.1494,50.0,80,100,6.58
156,Sadabad,IN,2022-07-23 04:58:48,27.45,78.05,91.71,56,100,14.18
157,Ghansor,IN,2022-07-23 04:58:48,22.65,79.95,80.22,81,100,4.94
158,Bendigo,AU,2022-07-23 04:57:26,-36.7667,144.2833,53.64,82,100,5.97
159,Golubitskaya,RU,2022-07-23 04:58:49,45.3222,37.2822,72.01,65,12,17.31
160,Safaga,EG,2022-07-23 04:58:49,26.7292,33.9365,88.16,34,24,16.04
161,Shubarkuduk,KZ,2022-07-23 04:58:49,49.1447,56.4872,81.99,36,27,6.67
162,Northam,GB,2022-07-23 04:58:50,51.0333,-4.2167,58.39,92,89,8.14
163,Borovskoy,KZ,2022-07-23 04:58:50,53.8,64.15,72.88,57,7,10.16
164,Kitimat,CA,2022-07-23 04:58:51,54.0524,-128.6534,70.18,57,12,3.0
165,Margate,GB,2022-07-23 04:58:51,51.3813,1.3862,60.31,91,80,6.15
166,Port Augusta,AU,2022-07-23 04:58:52,-32.5,137.7667,69.03,36,0,11.7
167,Codrington,AU,2022-07-23 04:58:52,-38.2667,141.9667,53.65,93,100,12.93
168,Henties Bay,NA,2022-07-23 04:58:53,-22.116,14.2845,56.52,88,2,11.16
169,Yar-Sale,RU,2022-07-23 04:58:53,66.8333,70.8333,48.83,88,100,12.91
170,Lasa,IT,2022-07-23 04:58:53,46.6166,10.7002,62.37,80,99,2.1
171,Paamiut,GL,2022-07-23 04:58:54,61.994,-49.6678,44.4,84,0,11.88
172,Sunyani,GH,2022-07-23 04:58:54,7.3399,-2.3268,67.28,96,93,4.29
173,Greencastle,US,2022-07-23 04:58:55,39.6445,-86.8647,75.11,90,0,4.61
174,Zheleznodorozhnyy,RU,2022-07-23 04:58:55,55.7503,38.0042,70.21,79,63,4.27
175,Daitari,IN,2022-07-23 04:58:55,21.1,85.75,82.51,74,99,9.24
176,Saint George,US,2022-07-23 04:58:56,37.1041,-113.5841,99.95,19,100,1.01
177,Xiongzhou,CN,2022-07-23 04:58:56,25.1167,114.3,98.74,40,0,6.17
178,Pacific Grove,US,2022-07-23 04:58:57,36.6177,-121.9166,61.21,87,38,5.01
179,Tongliao,CN,2022-07-23 04:58:57,43.6125,122.2653,84.6,49,100,4.63
180,Lamar,US,2022-07-23 04:58:57,33.6668,-95.5836,78.64,73,59,7.27
181,Airai,TL,2022-07-23 04:58:58,-8.9266,125.4092,71.15,41,12,3.87
182,Vilyuysk,RU,2022-07-23 04:58:58,63.7553,121.6247,79.99,47,64,0.56
183,Kaitangata,NZ,2022-07-23 04:58:59,-46.2817,169.8464,42.33,84,3,2.3
184,Ostrovnoy,RU,2022-07-23 04:58:59,68.0531,39.5131,55.02,79,89,16.17
185,Yuksekova,TR,2022-07-23 05:00:00,37.5736,44.2872,70.99,34,0,2.98
186,Kununurra,AU,2022-07-23 05:00:00,-15.7667,128.7333,85.98,15,7,8.05
187,Inzer,RU,2022-07-23 05:00:00,54.2167,57.5556,71.8,56,4,3.11
188,Deputatskiy,RU,2022-07-23 05:00:01,69.3,139.9,63.32,44,93,16.2
189,Faya,SA,2022-07-23 05:00:01,18.3851,42.4509,73.04,43,65,3.96
190,Nueva Loja,EC,2022-07-23 05:00:02,0.0847,-76.8828,67.03,89,59,1.9
191,Severo-Kurilsk,RU,2022-07-23 05:00:03,50.6789,156.125,56.08,87,84,5.08
192,Cabedelo,BR,2022-07-23 05:00:04,-6.9811,-34.8339,74.35,85,77,11.45
193,Constantine,DZ,2022-07-23 04:59:48,36.365,6.6147,71.01,49,0,1.14
194,Naryan-Mar,RU,2022-07-23 05:00:05,67.6713,53.087,54.28,90,99,10.58
195,Alofi,NU,2022-07-23 05:00:05,-19.0595,-169.9187,76.19,77,17,15.77
196,Talnakh,RU,2022-07-23 05:00:06,69.4865,88.3972,78.21,28,13,10.56
197,Klaksvik,FO,2022-07-23 05:00:07,62.2266,-6.589,49.12,82,100,7.43
198,Kichera,RU,2022-07-23 05:00:08,55.9375,110.0997,84.16,44,12,13.22
199,San Vicente,AR,2022-07-23 05:00:09,-26.6167,-54.1333,60.48,78,70,3.27
200,Ballina,AU,2022-07-23 05:00:10,-28.8667,153.5667,65.01,82,86,18.95
201,Rocha,UY,2022-07-23 04:58:26,-34.4833,-54.3333,54.93,94,55,4.21
202,Haines Junction,CA,2022-07-23 05:00:11,60.7522,-137.5108,47.43,85,99,5.26
203,Hobyo,SO,2022-07-23 05:00:14,5.3505,48.5268,78.71,67,19,23.78
204,Rebrikha,RU,2022-07-23 05:00:15,53.0733,82.3408,71.49,48,9,10.74
205,Watertown,US,2022-07-23 04:58:05,42.3709,-71.1828,78.3,68,17,1.99
206,Tabou,CI,2022-07-23 05:00:16,4.423,-7.3528,73.72,74,100,5.95
207,Broome,US,2022-07-23 05:00:16,42.2506,-75.833,70.0,86,20,1.01
208,Kharhial,IN,2022-07-23 05:00:17,20.2833,82.7667,82.45,79,100,4.94
209,Tautira,PF,2022-07-23 05:00:17,-17.7333,-149.15,76.98,78,33,11.83
210,Carnarvon,AU,2022-07-23 04:59:59,-24.8667,113.6333,69.19,51,52,13.22
211,Constitucion,CL,2022-07-23 05:00:18,-35.3333,-72.4167,52.09,93,100,5.08
212,Beloha,MG,2022-07-23 05:00:18,-25.1667,45.05,64.76,64,0,8.79
213,Cololaca,HN,2022-07-23 05:00:19,14.3,-88.8833,67.82,96,100,5.01
214,Wenceslau Braz,BR,2022-07-23 05:00:20,-23.8739,-49.8028,58.42,64,90,3.85
215,Viedma,AR,2022-07-23 05:00:20,-40.8135,-62.9967,44.13,76,100,9.4
216,Lethem,GY,2022-07-23 05:00:21,3.3803,-59.7968,75.18,89,97,7.85
217,Atar,MR,2022-07-23 05:00:21,20.5169,-13.0499,83.79,56,100,8.37
218,Banamba,ML,2022-07-23 05:00:22,13.55,-7.45,78.06,73,91,5.68
219,Makakilo City,US,2022-07-23 05:00:22,21.3469,-158.0858,77.32,75,1,16.51
220,Baykit,RU,2022-07-23 05:00:22,61.67,96.37,74.48,57,100,8.16
221,Bose,IT,2022-07-23 05:00:23,45.4612,8.0137,74.79,67,68,4.7
222,Ilulissat,GL,2022-07-23 04:59:00,69.2167,-51.1,42.84,93,100,6.51
223,Sabang,ID,2022-07-23 05:00:24,5.8933,95.3214,82.26,71,100,1.88
224,Shar,KZ,2022-07-23 05:00:24,49.5886,81.0453,78.91,32,10,7.49
225,Domoni,KM,2022-07-23 05:00:25,-12.2569,44.5319,75.7,70,6,12.28
226,Haukipudas,FI,2022-07-23 05:00:25,65.1765,25.3523,59.05,93,100,2.71
227,Loreto,MX,2022-07-23 05:00:26,22.2667,-101.9667,64.09,70,55,15.68
228,Yellowknife,CA,2022-07-23 05:00:26,62.456,-114.3525,62.56,63,15,8.01
229,Aksarka,RU,2022-07-23 05:00:26,66.5606,67.7975,51.37,75,100,5.61
230,Khandbari,NP,2022-07-23 05:00:27,27.3747,87.2039,80.98,73,100,2.24
231,Garden City,US,2022-07-23 04:58:58,42.3256,-83.331,77.99,75,1,6.53
232,Leningradskiy,RU,2022-07-23 05:00:27,69.3833,178.4167,38.41,79,60,6.17
233,Ketchikan,US,2022-07-23 05:01:28,55.3422,-131.6461,57.22,86,93,3.42
234,Ak-Dovurak,RU,2022-07-23 05:01:28,51.1833,90.6,72.93,31,44,3.11
235,Shelabolikha,RU,2022-07-23 05:01:29,53.4131,82.6167,67.71,65,25,7.72
236,Adrar,MR,2022-07-23 05:01:29,20.5022,-10.0711,87.85,45,85,2.35
237,Sakaiminato,JP,2022-07-23 05:01:29,35.55,133.2333,76.41,75,37,8.63
238,San Cristobal,VE,2022-07-23 05:01:17,7.7669,-72.225,64.81,98,77,3.15
239,Fez,MA,2022-07-23 04:59:55,34.0372,-4.9998,79.05,27,0,8.05
240,General Pico,AR,2022-07-23 05:01:22,-35.6566,-63.7568,49.39,69,100,9.1
241,Durant,US,2022-07-23 04:57:40,33.994,-96.3708,82.76,61,0,5.75
242,Cherskiy,RU,2022-07-23 05:01:31,68.75,161.3,57.06,43,23,3.91
243,Kodiak,US,2022-07-23 05:01:32,57.79,-152.4072,49.84,83,98,5.14
244,Creel,MX,2022-07-23 05:01:32,27.75,-107.6333,56.03,94,100,5.35
245,Angul,IN,2022-07-23 05:01:32,20.85,85.1,86.22,73,94,8.9
246,Maceio,BR,2022-07-23 05:01:33,-9.6658,-35.7353,72.84,94,75,3.44
247,Gamba,GA,2022-07-23 05:01:33,-2.65,10.0,67.21,90,38,4.47
248,Shieli,KZ,2022-07-23 05:01:34,44.1667,66.75,99.48,14,3,19.01
249,Inhambane,MZ,2022-07-23 05:01:34,-23.865,35.3833,65.3,83,6,1.61
250,Mandurah,AU,2022-07-23 05:01:35,-32.55,115.7,57.9,85,99,30.31
251,Isangel,VU,2022-07-23 05:01:35,-19.55,169.2667,77.29,80,100,14.29
252,Hambantota,LK,2022-07-23 05:01:36,6.1241,81.1185,86.34,74,20,18.41
253,Launceston,AU,2022-07-23 05:01:36,-41.45,147.1667,58.6,72,100,11.5
254,Peniche,PT,2022-07-23 05:01:37,39.3558,-9.3811,64.29,94,0,11.32
255,San Patricio,US,2022-07-23 05:01:37,28.017,-97.5169,84.09,75,6,13.2
256,Dosso,NE,2022-07-23 05:01:37,13.049,3.1937,78.53,77,100,8.01
257,Kuzhorskaya,RU,2022-07-23 05:01:38,44.6751,40.3103,73.4,48,11,13.56
258,Kabo,CF,2022-07-23 05:01:38,7.6994,18.629,68.36,98,100,3.4
259,Payakumbuh,ID,2022-07-23 05:01:39,-0.2202,100.6308,85.89,56,73,4.32
260,Carutapera,BR,2022-07-23 05:01:39,-1.195,-46.02,74.8,94,58,4.9
261,Norman Wells,CA,2022-07-23 05:01:40,65.282,-126.8329,69.93,57,64,5.08
262,Berdigestyakh,RU,2022-07-23 05:01:40,62.0989,126.6992,77.63,53,69,2.24
263,Saldanha,ZA,2022-07-23 05:01:41,-33.0117,17.9442,55.74,84,61,12.93
264,Geraldton,AU,2022-07-23 05:01:41,-28.7667,114.6,63.01,77,40,17.27
265,Kultuk,RU,2022-07-23 05:01:41,51.7208,103.6956,55.36,97,100,1.48
266,Verkh-Suetka,RU,2022-07-23 05:01:42,53.3,80.05,73.69,34,0,9.33
267,Kosonsoy,UZ,2022-07-23 05:01:42,41.2561,71.5508,88.36,10,0,7.16
268,Yertsevo,RU,2022-07-23 05:01:43,60.7966,40.086,70.86,54,26,6.4
269,Viytivka,UA,2022-07-23 05:01:44,48.426,29.5429,69.73,52,0,7.18
270,Sur,OM,2022-07-23 05:01:44,22.5667,59.5289,90.3,60,65,8.01
271,Lagoa,PT,2022-07-23 05:01:44,39.05,-27.9833,71.49,90,100,7.02
272,Satuk,TR,2022-07-23 05:01:45,41.2263,32.3836,66.22,54,0,1.59
273,Luderitz,NA,2022-07-23 05:01:45,-26.6481,15.1594,56.77,62,21,15.12
274,Pareora,NZ,2022-07-23 05:01:46,-44.4871,171.2132,45.18,90,17,6.42
275,Victoria,HK,2022-07-23 04:59:30,22.2855,114.1577,95.97,74,1,4.0
276,Sobolevo,RU,2022-07-23 05:02:46,54.4299,31.8996,65.91,74,0,1.12
277,Rosarito,MX,2022-07-23 05:02:47,32.3333,-117.0333,66.47,80,34,5.14
278,Meulaboh,ID,2022-07-23 05:02:47,4.1363,96.1285,87.15,64,88,7.43
279,Vardo,NO,2022-07-23 05:02:48,70.3705,31.1107,53.58,76,75,8.05
280,Riohacha,CO,2022-07-23 05:02:48,11.5444,-72.9072,79.36,76,72,8.95
281,Mgachi,RU,2022-07-23 05:02:48,51.05,142.2667,66.29,72,94,4.5
282,Maiduguri,NG,2022-07-23 05:00:22,11.8464,13.1603,76.01,74,100,9.46
283,Totoral,PE,2022-07-23 05:02:49,-17.4053,-70.365,56.61,46,2,1.57
284,Mogadishu,SO,2022-07-23 05:02:39,2.0371,45.3438,76.48,79,86,16.84
285,Waddan,LY,2022-07-23 05:02:50,29.1614,16.139,74.03,49,0,3.87
286,Krasnoselkup,RU,2022-07-23 05:02:50,65.7,82.4667,74.48,51,100,15.59
287,Port Blair,IN,2022-07-23 05:02:50,11.6667,92.75,80.8,82,100,9.95
288,Thompson,CA,2022-07-23 05:02:51,55.7435,-97.8558,53.76,94,100,5.75
289,Shahreza,IR,2022-07-23 05:02:51,32.0339,51.8794,86.31,18,0,1.61
290,Labuhan,ID,2022-07-23 05:02:52,-6.8844,112.2051,86.63,59,14,2.3
291,Kavieng,PG,2022-07-23 05:02:52,-2.5744,150.7967,84.74,69,18,9.62
292,Haverfordwest,GB,2022-07-23 05:02:53,51.8017,-4.9691,61.05,93,98,12.66
293,Mount Isa,AU,2022-07-23 05:02:53,-20.7333,139.5,76.77,20,0,5.75
294,Takoradi,GH,2022-07-23 05:02:54,4.8845,-1.7554,73.51,81,56,4.47
295,Mahina,PF,2022-07-23 05:02:54,-17.5065,-149.489,78.57,69,20,10.36
296,Bhan,PK,2022-07-23 05:02:55,26.5583,67.7214,90.66,59,97,4.59
297,Yaan,NG,2022-07-23 04:58:58,7.3833,8.5667,71.13,97,100,5.88
298,Cajabamba,PE,2022-07-23 05:02:55,-7.6167,-78.05,50.95,77,14,0.67
299,Port Keats,AU,2022-07-23 05:02:56,-14.25,129.55,82.92,22,26,8.39
300,Qinhuangdao,CN,2022-07-23 05:02:56,39.9317,119.5883,82.81,61,85,4.54
301,Chaiyaphum,TH,2022-07-23 05:02:56,15.75,102.0,87.8,65,100,5.37
302,Lompoc,US,2022-07-23 05:02:57,34.6391,-120.4579,59.52,85,100,21.99
303,Half Moon Bay,US,2022-07-23 05:00:29,37.4636,-122.4286,65.79,83,100,11.5
304,Rupert,US,2022-07-23 05:02:58,42.6191,-113.6772,66.15,52,0,5.75
305,Mount Gambier,AU,2022-07-23 05:02:58,-37.8333,140.7667,55.62,88,92,8.03
306,Coihaique,CL,2022-07-23 05:02:58,-45.5752,-72.0662,23.29,96,99,3.13
307,Panjab,AF,2022-07-23 05:02:59,34.388,67.0233,75.63,23,93,1.41
308,Tuatapere,NZ,2022-07-23 05:02:59,-46.1333,167.6833,44.08,82,37,3.6
309,Mahon,ES,2022-07-23 05:03:00,39.8885,4.2658,73.96,83,0,5.75
310,Isoka,ZM,2022-07-23 05:03:00,-10.1606,32.6335,54.63,80,0,0.6
311,Tual,ID,2022-07-23 05:03:01,-5.6667,132.75,78.44,78,97,14.94
312,Morehead,US,2022-07-23 05:03:01,37.2711,-87.1764,77.86,93,0,0.0
313,Puerto Suarez,BO,2022-07-23 05:03:02,-18.95,-57.8,70.18,47,2,2.33
314,Zaterechnyy,RU,2022-07-23 05:03:03,44.7931,45.2097,76.3,46,55,9.84
315,Fairbanks,US,2022-07-23 05:00:00,64.8378,-147.7164,58.01,77,100,3.0
316,Sinop,TR,2022-07-23 05:03:03,41.7711,34.8709,67.12,56,0,5.46
317,Hofn,IS,2022-07-23 05:03:04,64.2539,-15.2082,51.93,86,69,2.39
318,Novato,US,2022-07-23 04:59:50,38.1074,-122.5697,64.36,77,0,5.75
319,Powell River,CA,2022-07-23 05:03:04,49.8496,-124.5361,66.18,84,54,1.07
320,Acarau,BR,2022-07-23 05:03:05,-2.8856,-40.12,78.42,79,26,16.69
321,Roald,NO,2022-07-23 05:03:05,62.5833,6.1333,60.17,82,75,14.97
322,Khalkhal,IR,2022-07-23 05:03:06,37.6189,48.5258,65.05,54,0,5.95
323,Fortuna,US,2022-07-23 05:04:06,40.5982,-124.1573,58.93,84,24,1.99
324,Bodden Town,KY,2022-07-23 05:04:06,19.2833,-81.25,84.0,82,99,3.0
325,Guarapari,BR,2022-07-23 05:04:07,-20.6667,-40.4975,66.78,92,4,6.17
326,Malacacheta,BR,2022-07-23 05:04:07,-17.8422,-42.0767,62.4,89,91,2.33
327,Burriana,ES,2022-07-23 05:04:08,39.889,-0.085,78.67,66,13,7.96
328,Plainview,US,2022-07-23 05:04:08,40.7765,-73.4673,83.89,70,0,4.61
329,Oussouye,SN,2022-07-23 05:04:08,12.485,-16.5469,75.61,93,100,8.7
330,Hamilton,US,2022-07-23 05:04:09,39.1834,-84.5333,77.09,85,0,0.0
331,Cidreira,BR,2022-07-23 05:04:09,-30.1811,-50.2056,63.75,97,99,7.47
332,Sao Joao Da Barra,BR,2022-07-23 05:03:43,-21.6403,-41.0511,70.66,89,0,12.03
333,Wanning,CN,2022-07-23 05:03:58,18.8003,110.3967,88.0,65,1,5.64
334,Teya,RU,2022-07-23 05:04:10,60.3778,92.6267,73.06,50,53,8.7
335,Oktyabrskiy,RU,2022-07-23 05:04:11,54.4815,53.471,71.53,60,1,2.46
336,Astana,KZ,2022-07-23 05:04:11,51.1801,71.446,71.55,40,40,4.47
337,Omagari,JP,2022-07-23 05:04:11,39.45,140.4833,81.91,77,83,4.76
338,Tiznit,MA,2022-07-23 05:04:12,29.5833,-9.5,79.36,35,43,2.1
339,Tha Chang,TH,2022-07-23 05:04:12,9.2642,99.1922,87.22,83,100,2.8
340,Palmer,US,2022-07-23 05:04:13,42.1584,-72.3287,77.25,76,0,0.0
341,Concarneau,FR,2022-07-23 05:04:13,47.875,-3.9225,54.82,91,40,1.79
342,Otradnoye,RU,2022-07-23 05:04:14,59.7775,30.8181,75.04,61,25,7.92
343,Aguascalientes,MX,2022-07-23 05:04:14,21.8833,-102.3,66.15,48,0,5.75
344,Karratha,AU,2022-07-23 05:04:15,-20.7377,116.8463,77.59,44,0,15.7
345,Tadine,NC,2022-07-23 05:04:15,-21.55,167.8833,74.89,89,100,16.73
346,Ponta Do Sol,PT,2022-07-23 05:04:15,32.6667,-17.1,71.71,79,27,3.74
347,Ahipara,NZ,2022-07-23 05:04:16,-35.1667,173.1667,55.81,77,100,11.74
348,West Wendover,US,2022-07-23 05:00:28,40.7391,-114.0733,84.02,24,16,4.59
349,Zhigansk,RU,2022-07-23 05:04:17,66.7697,123.3711,65.95,56,42,11.27
350,Upernavik,GL,2022-07-23 05:04:17,72.7868,-56.1549,43.05,93,100,9.53
351,Along,IN,2022-07-23 05:04:18,28.1667,94.7667,84.29,70,100,2.06
352,Atotonilquillo,MX,2022-07-23 05:04:18,20.4,-103.1333,64.53,88,100,1.19
353,Salalah,OM,2022-07-23 05:04:18,17.0151,54.0924,77.09,94,100,6.91
354,Turukhansk,RU,2022-07-23 05:04:19,65.8167,87.9833,75.27,48,51,21.9
355,Arroyo,ES,2022-07-23 05:04:19,41.6096,-4.7969,59.59,85,0,8.05
356,Russell,US,2022-07-23 05:04:20,32.3502,-85.1999,73.96,77,50,3.76
357,Balkhash,KZ,2022-07-23 05:04:20,46.844,74.9804,84.81,21,0,13.42
358,Belmonte,BR,2022-07-23 05:04:21,-15.8631,-38.8828,70.59,86,30,6.31
359,Nushki,PK,2022-07-23 05:04:21,29.5542,66.0215,91.78,39,94,5.37
360,Riverbank,US,2022-07-23 05:04:21,37.736,-120.9355,80.38,21,0,13.8
361,Jalu,LY,2022-07-23 05:04:22,29.0331,21.5482,75.34,39,0,8.99
362,Leh,IN,2022-07-23 05:04:22,34.1667,77.5833,72.81,16,97,3.06
363,San Juan Bautista,PE,2022-07-23 05:04:23,-14.0108,-75.7358,61.03,71,52,3.04
364,Son La,VN,2022-07-23 05:04:23,21.3167,103.9,85.37,60,57,2.48
365,Tarabha,IN,2022-07-23 05:04:23,20.7333,83.65,87.42,67,100,5.1
366,Beira,MZ,2022-07-23 05:04:24,-19.8436,34.8389,65.07,89,3,4.16
367,Huilong,CN,2022-07-23 05:04:24,31.8111,121.655,93.36,63,30,15.61
368,Baturaja,ID,2022-07-23 05:05:25,-4.1333,104.1667,89.98,54,39,2.86
369,Palembang,ID,2022-07-23 05:05:25,-2.9167,104.7458,84.29,79,75,4.61
370,Sabha,LY,2022-07-23 05:05:26,27.0377,14.4283,75.87,31,0,8.77
371,Pisco,PE,2022-07-23 05:05:26,-13.7,-76.2167,53.65,87,18,2.3
372,Asau,RO,2022-07-23 05:05:26,46.4333,26.4,73.99,48,30,1.95
373,Khilok,RU,2022-07-23 05:05:27,51.3674,110.4676,74.62,43,100,10.29
374,Warman,CA,2022-07-23 05:03:21,52.3168,-106.5679,58.89,72,45,7.76
375,Flinders,AU,2022-07-23 05:05:27,-34.5833,150.8552,64.18,79,79,1.99
376,Daru,PG,2022-07-23 05:05:28,-9.0763,143.2092,79.38,84,40,13.6
377,Sterling,US,2022-07-23 05:01:09,39.0062,-77.4286,81.59,83,0,0.0
378,Agirish,RU,2022-07-23 05:05:28,61.9247,63.0231,57.63,52,99,5.08
379,Hovd,MN,2022-07-23 05:05:29,48.0056,91.6419,73.72,29,70,11.52
380,Orikum,AL,2022-07-23 05:05:29,40.3253,19.4714,80.65,51,0,3.2
381,Pauini,BR,2022-07-23 05:05:30,-7.7136,-66.9764,72.9,81,46,1.07
382,Caravelas,BR,2022-07-23 05:05:26,-17.7125,-39.2481,69.08,85,2,4.34
383,Vestmanna,FO,2022-07-23 05:05:30,62.1564,-7.1664,47.32,93,100,8.05
384,Namatanai,PG,2022-07-23 05:03:01,-3.6667,152.4333,84.07,65,17,7.87
385,Kavaratti,IN,2022-07-23 05:05:31,10.5669,72.642,81.12,78,100,18.72
386,Morada Nova,BR,2022-07-23 05:05:31,-5.1067,-38.3725,73.47,83,100,7.52
387,Nome,US,2022-07-23 05:05:32,64.5011,-165.4064,46.47,87,100,4.61
388,Lunenburg,CA,2022-07-23 05:03:21,44.3835,-64.3155,67.08,90,0,6.85
389,Tilichiki,RU,2022-07-23 05:05:32,60.4667,166.1,52.57,80,86,2.98
390,Ust-Nera,RU,2022-07-23 05:05:33,64.5667,143.2,66.34,82,100,1.97
391,Udachnyy,RU,2022-07-23 05:05:33,66.4167,112.4,72.77,49,2,4.25
392,Ambilobe,MG,2022-07-23 05:05:34,-13.2,49.05,72.46,55,0,3.96
393,Zhanakorgan,KZ,2022-07-23 05:05:34,43.9098,67.2495,100.92,13,0,12.5
394,Puerto Escondido,MX,2022-07-23 05:05:35,15.85,-97.0667,80.26,82,99,4.0
395,Garowe,SO,2022-07-23 05:05:35,8.4054,48.4845,77.83,54,5,26.96
396,Ampanihy,MG,2022-07-23 05:05:36,-24.7,44.75,64.56,58,0,5.01
397,Sorland,NO,2022-07-23 05:05:36,67.667,12.6934,51.66,87,100,14.12
398,Kenai,US,2022-07-23 05:04:07,60.5544,-151.2583,55.45,73,0,13.8
399,Pedernales,DO,2022-07-23 05:05:37,18.0384,-71.744,81.03,71,99,5.01
400,Dodoma,TZ,2022-07-23 05:05:37,-6.1722,35.7395,60.21,74,5,8.1
401,Rawson,AR,2022-07-23 05:05:37,-43.3002,-65.1023,34.77,98,100,12.08
402,Toora-Khem,RU,2022-07-23 05:05:38,52.4675,96.11,70.23,37,69,9.35
403,San-Pedro,CI,2022-07-23 05:05:38,4.7485,-6.6363,73.18,77,88,5.21
404,Kudahuvadhoo,MV,2022-07-23 05:05:38,2.6708,72.8944,83.14,72,96,15.88
405,Springbok,ZA,2022-07-23 05:05:39,-29.6643,17.8865,43.75,57,100,3.91
406,Shambu,ET,2022-07-23 05:05:39,9.5667,37.1,53.87,94,78,1.74
407,Tankara,IN,2022-07-23 05:05:40,22.6667,70.7333,84.43,73,100,17.6
408,Ukiah,US,2022-07-23 05:05:40,39.1502,-123.2078,73.29,38,0,4.61
409,Jinchang,CN,2022-07-23 05:05:41,38.4953,102.1739,86.65,12,0,6.85
410,Okhotsk,RU,2022-07-23 05:05:41,59.3833,143.3,66.33,76,50,7.94
411,Dingle,PH,2022-07-23 05:05:41,10.9995,122.6711,88.23,67,95,3.96
412,Muros,ES,2022-07-23 05:05:42,42.7762,-9.0603,63.09,80,0,10.09
413,Oksfjord,NO,2022-07-23 05:05:42,70.2396,22.3479,53.67,92,100,8.14
414,Kaitong,CN,2022-07-23 05:06:43,44.8135,123.15,85.41,48,94,4.25
415,Kargasok,RU,2022-07-23 05:06:44,59.0556,80.8572,63.39,42,32,14.9
416,Pak Phanang,TH,2022-07-23 05:06:44,8.3511,100.202,91.04,72,100,2.37
417,Manta,EC,2022-07-23 05:06:45,-0.95,-80.7333,71.38,83,40,6.91
418,Muriti,TZ,2022-07-23 05:06:45,-1.9833,32.9167,69.15,63,15,18.57
419,Jos,NG,2022-07-23 05:06:45,9.9167,8.9,62.73,97,100,4.79
420,Port-Gentil,GA,2022-07-23 05:05:47,-0.7193,8.7815,72.75,77,92,11.74
421,Esperance,AU,2022-07-23 05:06:46,-33.8667,121.9,65.48,53,4,20.76
422,Aripuana,BR,2022-07-23 05:06:46,-9.1667,-60.6333,72.19,61,6,0.4
423,Kichmengskiy Gorodok,RU,2022-07-23 05:06:47,59.9816,45.7854,73.08,63,65,6.26
424,Cartagena,CO,2022-07-23 05:04:57,10.3997,-75.5144,83.82,79,75,13.8
425,Porto Novo,BJ,2022-07-23 05:06:47,6.4965,2.6036,74.82,85,100,5.66
426,Niigata,JP,2022-07-23 05:06:19,37.9022,139.0236,76.91,86,73,12.17
427,Sakakah,SA,2022-07-23 05:06:48,29.9697,40.2064,91.63,16,4,8.66
428,El Carmen,CO,2022-07-23 05:06:48,8.5106,-73.4478,67.84,97,98,3.94
429,Bandarbeyla,SO,2022-07-23 05:06:49,9.4942,50.8122,81.48,62,9,30.36
430,Longido,TZ,2022-07-23 05:06:49,-2.7333,36.6833,59.77,77,46,6.87
431,Huarmey,PE,2022-07-23 05:06:50,-10.0681,-78.1522,61.36,89,48,7.05
432,Bom Jesus,BR,2022-07-23 05:06:50,-9.0744,-44.3586,69.57,62,86,2.39
433,Dongli,CN,2022-07-23 05:06:50,23.5656,116.8194,95.36,48,0,5.64
434,Shimoda,JP,2022-07-23 05:06:51,34.6667,138.95,88.11,67,0,16.4
435,Padang,ID,2022-07-23 05:06:51,-0.9492,100.3543,86.05,65,64,5.77
436,Gazojak,TM,2022-07-23 05:06:52,41.1875,61.4036,103.75,12,0,13.35
437,Jaisalmer,IN,2022-07-23 05:06:52,26.9147,70.9181,84.43,73,100,2.24
438,Port Hardy,CA,2022-07-23 05:06:53,50.6996,-127.4199,54.64,92,10,11.36
439,Tanout,NE,2022-07-23 05:06:53,14.9709,8.8879,82.02,59,85,8.46
440,Aklavik,CA,2022-07-23 05:03:50,68.2191,-135.0107,52.7,92,100,8.57
441,Usakos,NA,2022-07-23 05:06:54,-22.0,15.6,59.99,41,2,6.96
442,Clyde River,CA,2022-07-23 05:03:17,70.4692,-68.5914,48.45,72,60,2.98
443,Chuy,UY,2022-07-23 05:04:36,-33.6971,-53.4616,56.39,98,100,5.32
444,Carlisle,US,2022-07-23 05:02:31,40.2015,-77.1889,78.19,75,12,3.69
445,Mar Del Plata,AR,2022-07-23 05:02:25,-38.0023,-57.5575,49.08,84,92,18.99
446,Mawlaik,MM,2022-07-23 05:06:55,23.6333,94.4167,85.96,72,99,4.41
447,Nantucket,US,2022-07-23 05:06:15,41.2835,-70.0995,78.91,77,100,4.61
448,Tommot,RU,2022-07-23 05:06:56,58.9564,126.2925,88.59,41,80,5.48
449,Kamenka,RU,2022-07-23 05:06:56,51.3223,42.7678,61.34,84,67,6.64
450,Eyl,SO,2022-07-23 05:06:56,7.9803,49.8164,81.66,53,10,25.79
451,Manokwari,ID,2022-07-23 05:06:57,-0.8667,134.0833,82.85,75,21,10.16
452,Saint-Joseph,RE,2022-07-23 05:06:57,-21.3667,55.6167,70.21,79,25,14.54
453,San Isidro,PE,2022-07-23 05:06:58,-12.1167,-77.05,58.59,82,100,3.44
454,Aykhal,RU,2022-07-23 05:06:58,66.0,111.5,73.56,44,15,8.43
455,Torres,BR,2022-07-23 05:05:06,-29.3353,-49.7269,66.83,89,88,3.36
456,Poum,NC,2022-07-23 05:06:59,-20.2333,164.0167,75.6,84,51,4.79
457,Chicama,PE,2022-07-23 05:06:59,-7.8447,-79.1469,59.54,89,38,3.27
458,Suda,RU,2022-07-23 05:07:00,59.1525,37.5582,71.71,61,14,5.06
459,Manakara,MG,2022-07-23 05:07:00,-22.1333,48.0167,64.0,93,35,4.9
460,Saint-Michel-Des-Saints,CA,2022-07-23 05:03:18,46.6834,-73.9159,64.94,86,28,3.58
461,Paredon,MX,2022-07-23 05:08:01,16.0333,-93.8667,80.28,79,86,2.95
462,San Policarpo,PH,2022-07-23 05:08:01,12.1791,125.5072,85.17,71,92,6.17
463,Los Llanos De Aridane,ES,2022-07-23 05:08:02,28.6585,-17.9182,73.13,72,75,10.36
464,Nalut,LY,2022-07-23 05:08:02,30.3333,10.85,74.17,35,0,10.38
465,Sheridan,US,2022-07-23 05:08:03,44.8333,-106.9173,77.92,23,0,13.8
466,Port Macquarie,AU,2022-07-23 05:03:56,-31.4333,152.9167,62.89,71,44,11.92
467,Hualmay,PE,2022-07-23 05:06:32,-11.0964,-77.6139,60.3,88,37,7.2
468,Zaragoza,ES,2022-07-23 05:03:06,41.6561,-0.8773,69.03,69,0,13.8
469,Saint Anthony,US,2022-07-23 05:03:18,45.0205,-93.218,77.83,73,0,3.44
470,Fayaoue,NC,2022-07-23 05:08:04,-20.65,166.5333,75.56,83,100,19.44
471,Ferrol,ES,2022-07-23 05:08:04,43.4832,-8.2369,63.27,86,3,6.51
472,Zhob,PK,2022-07-23 05:08:05,31.3411,69.4481,77.61,67,88,6.15
473,Xinyang,CN,2022-07-23 05:05:19,32.1228,114.0656,83.95,60,95,2.35
474,Melo,UY,2022-07-23 05:08:06,-32.3667,-54.1833,59.2,98,100,6.11
475,Moroni,KM,2022-07-23 05:08:06,-11.7022,43.2551,74.66,70,1,7.29
476,Umea,SE,2022-07-23 05:08:06,63.8284,20.2597,55.33,71,0,9.22
477,Corinto,GR,2022-07-23 05:08:07,37.9407,22.9573,82.89,41,0,3.22
478,San Ramon De La Nueva Oran,AR,2022-07-23 05:08:07,-23.1322,-64.326,61.43,72,81,2.71
479,Kahului,US,2022-07-23 05:08:08,20.8947,-156.47,78.84,74,0,20.71
480,Dongsheng,CN,2022-07-23 05:08:08,39.8161,109.9776,81.12,18,0,11.45
481,Buckeye,US,2022-07-23 05:07:47,33.3703,-112.5838,105.82,23,94,10.18
482,Kayerkan,RU,2022-07-23 05:08:09,69.3497,87.7602,78.53,34,20,9.64
483,Kipushi,CD,2022-07-23 05:08:09,-11.7667,27.2333,52.79,73,5,4.85
484,Gizo,SB,2022-07-23 05:08:10,-8.103,156.8419,83.7,70,11,6.35
485,Barstow,US,2022-07-23 05:08:10,34.8986,-117.0228,92.39,10,42,13.69
486,Huittinen,FI,2022-07-23 05:08:10,61.1833,22.7,66.42,95,100,6.46
487,Papara,BR,2022-07-23 05:08:11,-3.9839,-38.7273,75.6,89,76,5.75
488,Ulladulla,AU,2022-07-23 05:08:11,-35.35,150.4667,59.63,72,85,3.51
489,Vestmannaeyjar,IS,2022-07-23 05:08:12,63.4427,-20.2734,51.39,91,100,1.28
490,Marzuq,YE,2022-07-23 05:08:12,14.4,46.4667,79.52,55,42,8.88
491,Faanui,PF,2022-07-23 05:08:13,-16.4833,-151.75,78.76,74,9,10.6
492,Myaundzha,RU,2022-07-23 05:08:13,63.0494,147.1858,74.37,47,86,8.97
493,Abaete,BR,2022-07-23 05:08:13,-19.16,-45.4458,60.13,55,1,1.57
494,Kloulklubed,PW,2022-07-23 05:08:14,7.0419,134.2556,81.1,75,100,10.33
495,Warri,NG,2022-07-23 05:08:14,5.5167,5.75,73.92,92,100,3.29
496,San Quintin,MX,2022-07-23 05:08:15,30.4833,-115.95,66.18,84,21,6.69
497,Alice Springs,AU,2022-07-23 05:08:06,-23.7,133.8833,80.15,12,0,6.91
498,Toccoa,US,2022-07-23 05:08:15,34.5773,-83.3324,78.37,92,0,0.0
499,Paramonga,PE,2022-07-23 05:08:16,-10.6667,-77.8333,60.66,89,40,5.14
500,Necochea,AR,2022-07-23 05:05:09,-38.5473,-58.7368,42.4,89,52,9.53
501,Karoi,ZW,2022-07-23 05:08:16,-16.8099,29.6925,50.58,77,3,5.73
502,Vao,NC,2022-07-23 05:08:17,-22.6667,167.4833,73.4,92,100,26.17
503,Hay River,CA,2022-07-23 05:08:17,60.8156,-115.7999,57.47,70,31,9.4
504,La Paz,BO,2022-07-23 05:06:34,-16.5,-68.15,33.78,43,36,5.75
505,Buala,SB,2022-07-23 05:08:18,-8.145,159.5921,84.18,67,27,5.95
506,Krapivinskiy,RU,2022-07-23 05:09:18,54.9992,86.8133,61.57,86,95,8.14
507,Fushun,CN,2022-07-23 05:09:19,41.8558,123.9233,80.31,76,100,10.18
508,Tinguindin,MX,2022-07-23 05:09:19,19.75,-102.4833,61.05,93,100,3.76
509,Yerbogachen,RU,2022-07-23 05:09:20,61.2767,108.0108,76.78,43,100,12.62
510,Liverpool,GB,2022-07-23 05:09:21,53.4106,-2.9779,57.38,93,0,6.91
511,Alexandria,EG,2022-07-23 05:09:21,31.2156,29.9553,78.33,72,5,7.99
512,Queenstown,ZA,2022-07-23 05:09:21,-31.8976,26.8753,51.4,50,96,5.23
513,Hami,CN,2022-07-23 05:09:22,42.8,93.45,99.07,10,0,8.43
514,Nurota,UZ,2022-07-23 05:09:22,40.5614,65.6886,103.3,11,0,16.2
515,Katsuura,JP,2022-07-23 05:09:23,35.1333,140.3,82.72,71,0,19.28
516,Bima,ID,2022-07-23 05:06:10,-8.4667,118.7167,89.1,41,52,7.36
517,Chimbote,PE,2022-07-23 05:09:24,-9.0853,-78.5783,61.29,88,46,4.38
518,Superior,US,2022-07-23 05:09:24,46.7208,-92.1041,71.49,83,0,9.22
519,Ustye,RU,2022-07-23 05:09:25,59.6304,39.736,70.25,61,23,5.08
520,Piacabucu,BR,2022-07-23 05:09:25,-10.4056,-36.4344,72.18,86,85,6.69
521,Abaza,RU,2022-07-23 05:09:26,52.655,90.0928,63.0,74,99,3.98
522,Lazaro Cardenas,MX,2022-07-23 05:09:26,17.9583,-102.2,79.39,83,100,3.11
523,Gondanglegi,ID,2022-07-23 05:09:27,-7.7479,112.0132,84.33,64,82,16.33
524,Galveston,US,2022-07-23 05:09:27,29.3669,-94.9669,84.96,81,62,1.99
525,Nuuk,GL,2022-07-23 05:09:28,64.1835,-51.7216,43.41,93,47,6.91
526,Bontang,ID,2022-07-23 05:09:28,0.1333,117.5,80.98,77,99,8.52
527,Novyy Urgal,RU,2022-07-23 05:09:29,51.0736,132.5642,75.83,50,75,3.76
528,Sao Joaquim,BR,2022-07-23 05:09:29,-28.2939,-49.9317,54.37,81,100,2.39
529,Beisfjord,NO,2022-07-23 05:09:29,68.3751,17.5988,55.04,97,100,4.76
530,Taltal,CL,2022-07-23 05:09:30,-25.4,-70.4833,56.53,85,100,0.65
531,Velyka Bilozerka,UA,2022-07-23 05:09:30,47.2776,34.7062,68.2,63,0,13.8
532,Chilliwack,CA,2022-07-23 05:08:36,49.1747,-121.9443,66.11,75,23,1.3
533,Itoman,JP,2022-07-23 05:09:31,26.1247,127.6694,91.78,74,75,11.5
534,Camocim,BR,2022-07-23 05:09:31,-2.9022,-40.8411,75.76,81,37,10.38
535,Arman,RU,2022-07-23 05:09:32,59.7,150.1667,75.02,71,67,5.88
536,Khorixas,NA,2022-07-23 05:09:32,-20.3667,14.9667,61.65,41,0,7.38
537,Batagay-Alyta,RU,2022-07-23 05:09:33,67.8006,130.4114,71.49,40,8,17.96
538,Milkovo,RU,2022-07-23 05:09:33,54.7167,158.6167,70.56,54,54,1.7
539,Lingao,CN,2022-07-23 05:09:34,19.9103,109.6859,87.58,70,25,7.38
540,Maymyo,MM,2022-07-23 05:09:34,22.0333,96.4667,74.14,81,100,3.89
541,Cedar City,US,2022-07-23 05:09:34,37.6775,-113.0619,81.57,24,0,5.75
542,Ambulu,ID,2022-07-23 05:09:35,-8.345,113.6058,80.83,75,40,11.5
543,Griffith,US,2022-07-23 05:09:35,41.5284,-87.4237,78.66,73,0,5.75
544,Santa Maria,BR,2022-07-23 05:09:36,-29.6842,-53.8069,63.01,97,86,3.71
545,Auki,SB,2022-07-23 05:09:36,-8.7676,160.7034,82.67,72,19,1.88
546,Kanniyakumari,IN,2022-07-23 05:09:37,8.0833,77.5667,82.06,73,99,20.29
547,Husavik,IS,2022-07-23 05:09:33,66.0449,-17.3389,47.41,91,18,1.48
548,Stadskanaal,NL,2022-07-23 05:09:37,52.9833,6.95,59.92,86,28,1.01
549,Freeport,US,2022-07-23 05:09:38,40.6576,-73.5832,85.96,70,0,8.05
550,Baherden,TM,2022-07-23 05:10:38,38.4362,57.4316,91.44,41,3,4.5
551,Verkhoyansk,RU,2022-07-23 05:10:39,67.5447,133.385,79.65,42,47,9.69
552,Pagudpud,PH,2022-07-23 05:10:39,18.5616,120.7868,89.33,66,18,5.97
553,Maniitsoq,GL,2022-07-23 05:10:40,65.4167,-52.9,44.98,82,100,4.38
